{"epoch": 10, "loss": 4.892231859065391, "accuracy": 0.9505912162162162, "_timestamp": 1715667947.116345, "_runtime": 9.953083992004395, "_step": 9, "_wandb": {"runtime": 9}}