{"epoch": 10, "loss": 12.6586234204404, "accuracy": 0.8723958333333334, "_timestamp": 1715668471.4982898, "_runtime": 8.567978858947754, "_step": 9, "_wandb": {"runtime": 8}}