{"epoch": 100, "loss": 0.24738812405647703, "accuracy": 0.9974662162162162, "_timestamp": 1715669290.9165773, "_runtime": 89.33494138717651, "_step": 99, "_wandb": {"runtime": 89}}